CREATE DATABASE home;
use home;


CREATE TABLE library_info (
    library_id INT PRIMARY KEY,
    library_name VARCHAR(100) NOT NULL,
    city VARCHAR(50),
    state VARCHAR(50),
    pincode INT,
    established_year INT,
    area_sqft FLOAT,
    librarian_name VARCHAR(50),
    contact_number VARCHAR(15),
    email VARCHAR(50)
);


INSERT INTO library_info (library_id, library_name, city, state, pincode, established_year, area_sqft, librarian_name, contact_number, email) VALUES
(1, 'City Library', 'New York', 'NY', 10001, 1995, 2000, 'Alice Brown', '123-456-7890', 'alice@citylibrary.com'),
(2, 'Downtown Library', 'Los Angeles', 'CA', 90001, 1987, 1500, 'John Doe', '234-567-8901', 'john@downtownlibrary.com'),
(3, 'Westside Library', 'San Francisco', 'CA', 94101, 2001, 1800, 'Emma White', '345-678-9012', 'emma@westsidelibrary.com'),
(4, 'University Library', 'Boston', 'MA', 02115, 1980, 3000, 'Michael Scott', '456-789-0123', 'michael@universitylibrary.com'),
(5, 'Central Library', 'Chicago', 'IL', 60601, 1975, 2500, 'Olivia Johnson', '567-890-1234', 'olivia@centrallibrary.com'),
(6, 'Eastside Library', 'Chicago', 'IL', 60616, 2010, 2200, 'James Lee', '678-901-2345', 'james@eastsidelibrary.com'),
(7, 'North Library', 'Seattle', 'WA', 98101, 1990, 1600, 'Sophia Clark', '789-012-3456', 'sophia@northlibrary.com'),
(8, 'South Library', 'Houston', 'TX', 77001, 2005, 2400, 'Liam Harris', '890-123-4567', 'liam@southlibrary.com'),
(9, 'Suburban Library', 'Dallas', 'TX', 75201, 2015, 2700, 'Ava Lewis', '901-234-5678', 'ava@suburbanlibrary.com'),
(10, 'Coastal Library', 'Miami', 'FL', 33101, 1998, 1900, 'Ethan Walker', '012-345-6789', 'ethan@coastallibrary.com'),
(11, 'Maple Library', 'Boston', 'MA', 02109, 1989, 2100, 'Isabella Martinez', '123-456-7892', 'isabella@maplelibrary.com'),
(12, 'River Library', 'Chicago', 'IL', 60611, 1993, 2300, 'Mason Wilson', '234-567-8903', 'mason@riverlibrary.com'),
(13, 'Green Library', 'San Diego', 'CA', 92101, 1990, 1700, 'Charlotte Lee', '345-678-9014', 'charlotte@greenlibrary.com'),
(14, 'Park Library', 'New York', 'NY', 10010, 1985, 2000, 'Lucas Anderson', '456-789-0125', 'lucas@parklibrary.com'),
(15, 'City Center Library', 'Los Angeles', 'CA', 90036, 2000, 2100, 'Harper King', '567-890-1236', 'harper@citycenterlibrary.com'),
(16, 'Skyline Library', 'San Francisco', 'CA', 94103, 2012, 2500, 'Amelia Brown', '678-901-2348', 'amelia@skylinelibrary.com'),
(17, 'Pine Library', 'Seattle', 'WA', 98105, 2003, 1800, 'Benjamin Scott', '789-012-3459', 'benjamin@pinelibrary.com'),
(18, 'Sunset Library', 'Houston', 'TX', 77002, 2007, 2200, 'Ella Moore', '890-123-4571', 'ella@sunsetlibrary.com'),
(19, 'Mountain View Library', 'Dallas', 'TX', 75204, 1992, 1900, 'Alexander Hall', '901-234-5672', 'alexander@mountainviewlibrary.com'),
(20, 'Woodland Library', 'Miami', 'FL', 33140, 2016, 2100, 'Chloe Carter', '012-345-6784', 'chloe@woodlandlibrary.com'),
(21, 'Beachside Library', 'San Diego', 'CA', 92109, 1999, 2400, 'Jack Hernandez', '123-456-7893', 'jack@beachsidelibrary.com'),
(22, 'Riverfront Library', 'Boston', 'MA', 02108, 2002, 2500, 'Zoe Young', '234-567-8904', 'zoe@riverfrontlibrary.com'),
(23, 'City Park Library', 'Seattle', 'WA', 98107, 2000, 2700, 'Logan Allen', '345-678-9015', 'logan@cityparklibrary.com'),
(24, 'Hilltop Library', 'Chicago', 'IL', 60625, 1995, 2200, 'Mila Adams', '456-789-0127', 'mila@hilltoplibrary.com'),
(25, 'Golden Gate Library', 'San Francisco', 'CA', 94107, 2010, 2100, 'Sebastian Walker', '567-890-1238', 'sebastian@goldengatelibrary.com'),
(26, 'Lakeshore Library', 'Miami', 'FL', 33130, 2015, 2300, 'Archer Nelson', '678-901-2347', 'archer@lakeshorelibrary.com'),
(27, 'Hillview Library', 'Los Angeles', 'CA', 90020, 2017, 2200, 'Aiden Carter', '789-012-3457', 'aiden@hillviewlibrary.com'),
(28, 'Westwood Library', 'San Diego', 'CA', 92121, 1990, 2000, 'Maya Martinez', '890-123-4573', 'maya@westwoodlibrary.com'),
(29, 'Downtown Park Library', 'Chicago', 'IL', 60616, 2001, 2300, 'Landon Perez', '901-234-5670', 'landon@downtownparklibrary.com'),
(30, 'Clearwater Library', 'Boston', 'MA', 02116, 2018, 2000, 'Eliana Brown', '012-345-6783', 'eliana@clearwaterlibrary.com');


CREATE TABLE section_info (
    section_id INT PRIMARY KEY,
    section_name VARCHAR(50) NOT NULL,
    floor_number INT,
    total_shelves INT,
    category VARCHAR(50),
    opening_time TIME,
    closing_time TIME,
    is_accessible BOOLEAN,
    section_incharge VARCHAR(50),
    library_id INT,
    FOREIGN KEY (library_id) REFERENCES library_info(library_id)
);


INSERT INTO section_info (section_id, section_name, floor_number, total_shelves, category, opening_time, closing_time, is_accessible, section_incharge, library_id) VALUES
(1, 'Fiction', 1, 50, 'Books', '09:00:00', '18:00:00', TRUE, 'Sarah Adams', 1),
(2, 'Non-Fiction', 2, 40, 'Books', '09:00:00', '18:00:00', TRUE, 'David Clark', 1),
(3, 'Science', 1, 60, 'Books', '09:00:00', '18:00:00', TRUE, 'Emma Brown', 2),
(4, 'Technology', 3, 70, 'Books', '09:00:00', '18:00:00', TRUE, 'John White', 2),
(5, 'History', 2, 30, 'Books', '09:00:00', '18:00:00', TRUE, 'Olivia Lee', 3),
(6, 'Art', 1, 25, 'Books', '09:00:00', '18:00:00', TRUE, 'Sophia Green', 3),
(7, 'Philosophy', 3, 35, 'Books', '09:00:00', '18:00:00', TRUE, 'Mason Harris', 4),
(8, 'Mathematics', 2, 60, 'Books', '09:00:00', '18:00:00', TRUE, 'Charlotte Clark', 4),
(9, 'Psychology', 1, 45, 'Books', '09:00:00', '18:00:00', TRUE, 'James Lee', 5),
(10, 'Travel', 2, 50, 'Books', '09:00:00', '18:00:00', TRUE, 'Isabella Martinez', 5),
(11, 'Cooking', 3, 20, 'Books', '09:00:00', '18:00:00', TRUE, 'Benjamin Adams', 6),
(12, 'Fitness', 1, 55, 'Books', '09:00:00', '18:00:00', TRUE, 'Sophia Clark', 6),
(13, 'Biography', 2, 30, 'Books', '09:00:00', '18:00:00', TRUE, 'Ava Johnson', 7),
(14, 'Self-help', 1, 40, 'Books', '09:00:00', '18:00:00', TRUE, 'Jack Thompson', 7),
(15, 'Nature', 2, 60, 'Books', '09:00:00', '18:00:00', TRUE, 'Liam Carter', 8),
(16, 'Geography', 3, 70, 'Books', '09:00:00', '18:00:00', TRUE, 'Elena White', 8),
(17, 'Law', 1, 40, 'Books', '09:00:00', '18:00:00', TRUE, 'Emma Brown', 9),
(18, 'Economics', 2, 45, 'Books', '09:00:00', '18:00:00', TRUE, 'Mason Black', 9),
(19, 'Poetry', 3, 20, 'Books', '09:00:00', '18:00:00', TRUE, 'Olivia Harris', 10),
(20, 'Short Stories', 2, 55, 'Books', '09:00:00', '18:00:00', TRUE, 'Lily Clark', 10),
(21, 'Engineering', 3, 60, 'Books', '09:00:00', '18:00:00', TRUE, 'Lucas Green', 11),
(22, 'Music', 1, 30, 'Books', '09:00:00', '18:00:00', TRUE, 'Chloe White', 11),
(23, 'Sports', 2, 40, 'Books', '09:00:00', '18:00:00', TRUE, 'James Martin', 12),
(24, 'Health', 3, 55, 'Books', '09:00:00', '18:00:00', TRUE, 'Maya Harris', 12),
(25, 'Business', 1, 65, 'Books', '09:00:00', '18:00:00', TRUE, 'Samuel Wilson', 13),
(26, 'Politics', 2, 45, 'Books', '09:00:00', '18:00:00', TRUE, 'Eva Adams', 13),
(27, 'Technology', 3, 70, 'Books', '09:00:00', '18:00:00', TRUE, 'Leo Walker', 14),
(28, 'Literature', 2, 50, 'Books', '09:00:00', '18:00:00', TRUE, 'Zoe Carter', 14),
(29, 'History', 1, 30, 'Humanities', '10:00:00', '17:00:00', TRUE, 'Ramesh Menon', 2),
(30, 'Magazines', 3, 25, 'Periodicals', '09:30:00', '17:30:00', TRUE, 'Sunita Rao', 10);

CREATE TABLE book_info (
    book_id INT PRIMARY KEY,
    title VARCHAR(100) NOT NULL,
    author VARCHAR(50),
    genre VARCHAR(50),
    isbn VARCHAR(20) UNIQUE,
    publication_year INT,
    language VARCHAR(30),
    available_copies INT,
    library_id INT,
    section_id INT,
    FOREIGN KEY (library_id) REFERENCES library_info(library_id),
    FOREIGN KEY (section_id) REFERENCES section_info(section_id)
);


INSERT INTO book_info VALUES
(1, 'To Kill a Mockingbird', 'Harper Lee', 'Fiction', '9780061120084', 1960, 'English', 5, 1, 1),
(2, '1984', 'George Orwell', 'Dystopian', '9780451524935', 1949, 'English', 3, 1, 2),
(3, 'Pride and Prejudice', 'Jane Austen', 'Romance', '9780141439518', 1813, 'English', 4, 1, 3),
(4, 'The Great Gatsby', 'F. Scott Fitzgerald', 'Classic', '9780743273565', 1925, 'English', 6, 1, 1),
(5, 'Moby Dick', 'Herman Melville', 'Adventure', '9781503280786', 1851, 'English', 2, 1, 4),
(6, 'War and Peace', 'Leo Tolstoy', 'Historical', '9781853260629', 1869, 'English', 3, 1, 4),
(7, 'Hamlet', 'William Shakespeare', 'Drama', '9780141396507', 1603, 'English', 5, 2, 1),
(8, 'The Odyssey', 'Homer', 'Epic', '9780140268867', -800, 'Greek', 4, 2, 2),
(9, 'The Catcher in the Rye', 'J.D. Salinger', 'Fiction', '9780316769488', 1951, 'English', 2, 2, 3),
(10, 'Jane Eyre', 'Charlotte Brontë', 'Gothic', '9780142437209', 1847, 'English', 3, 2, 3),
(11, 'Crime and Punishment', 'Fyodor Dostoevsky', 'Psychological', '9780486415871', 1866, 'English', 3, 2, 4),
(12, 'The Hobbit', 'J.R.R. Tolkien', 'Fantasy', '9780547928227', 1937, 'English', 5, 2, 2),
(13, 'The Lord of the Rings', 'J.R.R. Tolkien', 'Fantasy', '9780618640157', 1954, 'English', 4, 2, 2),
(14, 'Harry Potter and the Sorcerer''s Stone', 'J.K. Rowling', 'Fantasy', '9780439708180', 1997, 'English', 6, 2, 1),
(15, 'The Da Vinci Code', 'Dan Brown', 'Thriller', '9780307474278', 2003, 'English', 5, 2, 1),
(16, 'The Alchemist', 'Paulo Coelho', 'Adventure', '9780061122415', 1988, 'English', 7, 3, 2),
(17, 'Brave New World', 'Aldous Huxley', 'Dystopian', '9780060850524', 1932, 'English', 4, 3, 2),
(18, 'Animal Farm', 'George Orwell', 'Political Satire', '9780451526342', 1945, 'English', 6, 3, 3),
(19, 'Wuthering Heights', 'Emily Brontë', 'Romance', '9780141439556', 1847, 'English', 3, 3, 3),
(20, 'The Picture of Dorian Gray', 'Oscar Wilde', 'Philosophical', '9780141439570', 1890, 'English', 2, 3, 4),
(21, 'A Tale of Two Cities', 'Charles Dickens', 'Historical', '9780486406510', 1859, 'English', 3, 3, 1),
(22, 'Les Misérables', 'Victor Hugo', 'Historical', '9780451419439', 1862, 'English', 4, 3, 1),
(23, 'Frankenstein', 'Mary Shelley', 'Gothic', '9780486282114', 1818, 'English', 2, 3, 2),
(24, 'The Kite Runner', 'Khaled Hosseini', 'Drama', '9781594631931', 2003, 'English', 5, 3, 2),
(25, 'The Book Thief', 'Markus Zusak', 'Historical Fiction', '9780375842207', 2005, 'English', 3, 3, 3),
(26, 'Life of Pi', 'Yann Martel', 'Adventure', '9780156027328', 2001, 'English', 4, 3, 4),
(27, 'Sapiens', 'Yuval Noah Harari', 'Non-Fiction', '9780062316097', 2011, 'English', 6, 3, 4),
(28, 'Educated', 'Tara Westover', 'Memoir', '9780399590504', 2018, 'English', 4, 3, 4),
(29, 'The Silent Patient', 'Alex Michaelides', 'Thriller', '9781250301697', 2019, 'English', 5, 3, 2),
(30, 'The Midnight Library', 'Matt Haig', 'Fantasy', '9780525559474', 2020, 'English', 5, 3, 2);



CREATE TABLE member_info (
    member_id INT PRIMARY KEY,
    member_name VARCHAR(50),
    age INT,
    gender VARCHAR(10),
    contact VARCHAR(15),
    membership_date DATE,
    is_active BOOLEAN,
    library_id INT,
    section_id INT,
    last_borrowed_book_id INT,
    FOREIGN KEY (library_id) REFERENCES library_info(library_id),
    FOREIGN KEY (section_id) REFERENCES section_info(section_id),
    FOREIGN KEY (last_borrowed_book_id) REFERENCES book_info(book_id)
);

INSERT INTO member_info VALUES
(1, 'Arjun R', 22, 'Male', '9876543210', '2023-01-10', TRUE, 1, 1, 5),
(2, 'Diya K', 19, 'Female', '9876543211', '2023-03-15', TRUE, 1, 2, 12),
(3, 'Rohit S', 25, 'Male', '9876543212', '2023-04-01', TRUE, 2, 3, 8),
(4, 'Sneha M', 21, 'Female', '9876543213', '2022-12-10', TRUE, 2, 1, 2),
(5, 'Nikhil P', 27, 'Male', '9876543214', '2023-06-20', TRUE, 3, 2, 17),
(6, 'Lavanya H', 23, 'Female', '9876543215', '2022-11-05', TRUE, 3, 4, 19),
(7, 'Karthik D', 20, 'Male', '9876543216', '2023-02-17', TRUE, 1, 3, 1),
(8, 'Meera G', 24, 'Female', '9876543217', '2023-07-25', TRUE, 2, 1, 3),
(9, 'Aditya V', 22, 'Male', '9876543218', '2022-10-30', TRUE, 2, 4, 15),
(10, 'Pooja N', 26, 'Female', '9876543219', '2023-03-11', TRUE, 3, 2, 4),
(11, 'Suraj B', 21, 'Male', '9876543220', '2023-08-05', TRUE, 1, 3, 7),
(12, 'Anusha L', 25, 'Female', '9876543221', '2022-09-22', TRUE, 1, 4, 10),
(13, 'Harsha T', 23, 'Male', '9876543222', '2023-04-19', TRUE, 3, 3, 16),
(14, 'Ritika S', 20, 'Female', '9876543223', '2023-01-25', TRUE, 2, 1, 9),
(15, 'Manoj K', 28, 'Male', '9876543224', '2022-08-18', TRUE, 2, 2, 11),
(16, 'Sahana A', 22, 'Female', '9876543225', '2023-02-10', TRUE, 1, 1, 6),
(17, 'Yash R', 24, 'Male', '9876543226', '2022-07-14', TRUE, 3, 3, 21),
(18, 'Nisha V', 27, 'Female', '9876543227', '2023-06-01', TRUE, 3, 4, 13),
(19, 'Vikram M', 26, 'Male', '9876543228', '2022-06-12', TRUE, 2, 2, 14),
(20, 'Divya K', 23, 'Female', '9876543229', '2023-01-30', TRUE, 2, 1, 23),
(21, 'Ravi G', 25, 'Male', '9876543230', '2023-05-05', TRUE, 1, 3, 24),
(22, 'Anjali S', 20, 'Female', '9876543231', '2022-05-19', TRUE, 3, 4, 18),
(23, 'Deepak J', 28, 'Male', '9876543232', '2023-07-03', TRUE, 1, 2, 27),
(24, 'Kavya D', 21, 'Female', '9876543233', '2022-04-09', TRUE, 2, 4, 28),
(25, 'Rajesh H', 22, 'Male', '9876543234', '2023-03-14', TRUE, 3, 3, 22),
(26, 'Ishita M', 26, 'Female', '9876543235', '2022-03-01', TRUE, 3, 2, 30),
(27, 'Rohini B', 24, 'Female', '9876543236', '2023-01-17', TRUE, 1, 1, 20),
(28, 'Tarun C', 29, 'Male', '9876543237', '2023-02-22', TRUE, 1, 2, 29),
(29, 'Veena R', 22, 'Female', '9876543238', '2022-02-25', TRUE, 2, 4, 26),
(30, 'Rahul T', 25, 'Male', '9876543239', '2023-05-11', TRUE, 2, 3, 25);


CREATE TABLE transaction_info (
    transaction_id INT PRIMARY KEY,
    transaction_date DATE,
    due_date DATE,
    return_date DATE,
    fine_amount DECIMAL(8,2),
    library_id INT,
    section_id INT,
    book_id INT,
    member_id INT,
    transaction_type VARCHAR(20),
    FOREIGN KEY (library_id) REFERENCES library_info(library_id),
    FOREIGN KEY (section_id) REFERENCES section_info(section_id),
    FOREIGN KEY (book_id) REFERENCES book_info(book_id),
    FOREIGN KEY (member_id) REFERENCES member_info(member_id)
);


INSERT INTO transaction_info VALUES
(1, '2023-01-01', '2023-01-15', '2023-01-14', 0.00, 1, 1, 1, 1, 'Returned'),
(2, '2023-01-05', '2023-01-20', '2023-01-25', 25.00, 1, 2, 2, 2, 'Returned'),
(3, '2023-01-10', '2023-01-24', '2023-01-23', 0.00, 2, 3, 3, 3, 'Returned'),
(4, '2023-02-01', '2023-02-15', NULL, 0.00, 2, 1, 4, 4, 'Issued'),
(5, '2023-02-12', '2023-02-26', '2023-03-01', 20.00, 3, 2, 5, 5, 'Returned'),
(6, '2023-03-01', '2023-03-15', NULL, 0.00, 3, 4, 6, 6, 'Issued'),
(7, '2023-03-10', '2023-03-24', '2023-03-24', 0.00, 1, 3, 7, 7, 'Returned'),
(8, '2023-03-20', '2023-04-03', NULL, 0.00, 2, 1, 8, 8, 'Issued'),
(9, '2023-04-01', '2023-04-15', '2023-04-16', 10.00, 2, 4, 9, 9, 'Returned'),
(10, '2023-04-10', '2023-04-24', NULL, 0.00, 3, 2, 10, 10, 'Issued'),
(11, '2023-05-01', '2023-05-15', '2023-05-18', 15.00, 1, 3, 11, 11, 'Returned'),
(12, '2023-05-10', '2023-05-24', NULL, 0.00, 1, 4, 12, 12, 'Issued'),
(13, '2023-05-15', '2023-05-29', '2023-05-28', 0.00, 3, 3, 13, 13, 'Returned'),
(14, '2023-06-01', '2023-06-15', NULL, 0.00, 2, 1, 14, 14, 'Issued'),
(15, '2023-06-10', '2023-06-24', '2023-06-30', 30.00, 2, 2, 15, 15, 'Returned'),
(16, '2023-07-01', '2023-07-15', '2023-07-12', 0.00, 1, 1, 16, 16, 'Returned'),
(17, '2023-07-05', '2023-07-19', NULL, 0.00, 3, 3, 17, 17, 'Issued'),
(18, '2023-07-15', '2023-07-29', NULL, 0.00, 3, 4, 18, 18, 'Issued'),
(19, '2023-08-01', '2023-08-15', '2023-08-14', 0.00, 2, 2, 19, 19, 'Returned'),
(20, '2023-08-05', '2023-08-19', '2023-08-22', 15.00, 1, 1, 20, 20, 'Returned'),
(21, '2023-08-10', '2023-08-24', NULL, 0.00, 1, 3, 21, 21, 'Issued'),
(22, '2023-08-20', '2023-09-03', NULL, 0.00, 2, 4, 22, 22, 'Issued'),
(23, '2023-09-01', '2023-09-15', '2023-09-15', 0.00, 3, 2, 23, 23, 'Returned'),
(24, '2023-09-05', '2023-09-19', '2023-09-25', 20.00, 3, 3, 24, 24, 'Returned'),
(25, '2023-09-10', '2023-09-24', NULL, 0.00, 1, 4, 25, 25, 'Issued'),
(26, '2023-09-20', '2023-10-04', NULL, 0.00, 2, 1, 26, 26, 'Issued'),
(27, '2023-10-01', '2023-10-15', '2023-10-18', 10.00, 1, 2, 27, 27, 'Returned'),
(28, '2023-10-10', '2023-10-24', NULL, 0.00, 3, 3, 28, 28, 'Issued'),
(29, '2023-10-20', '2023-11-03', NULL, 0.00, 3, 4, 29, 29, 'Issued'),
(30, '2023-11-01', '2023-11-15', NULL, 0.00, 2, 2, 30, 30, 'Issued');